Workbook

Sheet Ranking
B2: Player | C2: H2H (15%) | D2: Results (85%) | E2: Arknights of Terra (0%) | G2: Total | J2: Raw H2H Score | L2: Fixed H2H Score | O2: Raw Results Score | Q2: Fixed Results Score
B3: Saihara | C3: =L3*0.15 -> 15 | D3: =Q3*0.85 -> 85 | G3: =C3+D3+E3 -> 100 | H3: 1 | J3: =PuntosBraacket!B1 -> 6058 | L3: =(J3*100/J3) -> 100 | O3: =PlayerResults!B40 -> 1534.5 | Q3: =(O3*100)/$O$3 -> 100
B4: El Juancho | C4: =L4*0.15 -> 14.041763 | D4: =Q4*0.85 -> 79.820789 | G4: =C4+D4+E4 -> 93.862551 | H4: 2 | J4: =PuntosBraacket!B2 -> 5671 | L4: =(J4*100/J3) -> 93.611753 | M4: =(J4*100)/$J$4 -> 100 | O4: =PlayerResults!C40 -> 1441 | Q4: =(O4*100)/$O$3 -> 93.90681
B5: Tormen | C5: =L5*0.15 -> 12.932486 | D5: =Q5*0.85 -> 61.513522 | G5: =C5+D5+E5 -> 74.446008 | H5: 3 | J5: =PuntosBraacket!B3 -> 5223 | L5: =(J5*100/J3) -> 86.216573 | M5: =(J5*100)/$J$4 -> 92.100159 | O5: =PlayerResults!D40 -> 1110.5 | Q5: =(O5*100)/$O$3 -> 72.36885
B6: chatu | C6: =L6*0.15 -> 12.103004 | D6: =Q6*0.85 -> 47.097589 | G6: =C6+D6+E6 -> 59.200593 | H6: 4 | J6: =PuntosBraacket!B4 -> 4888 | L6: =(J6*100/J3) -> 80.686695 | M6: =(J6*100)/$J$4 -> 86.192911 | O6: =PlayerResults!E40 -> 850.25 | Q6: =(O6*100)/$O$3 -> 55.408928
B7: AND | C7: =L7*0.15 -> 11.54589 | D7: =Q7*0.85 -> 41.807592 | G7: =C7+D7+E7 -> 53.353482 | H7: 5 | J7: =PuntosBraacket!B5 -> 4663 | L7: =(J7*100/J3) -> 76.972598 | M7: =(J7*100)/$J$4 -> 82.225357 | O7: =PlayerResults!F40 -> 754.75 | Q7: =(O7*100)/$O$3 -> 49.185402
B8: Dalvila | C8: =L8*0.15 -> 9.4734236 | D8: =Q8*0.85 -> 30.396709 | G8: =C8+D8+E8 -> 39.870133 | H8: 6 | J8: =PuntosBraacket!B6 -> 3826 | L8: =(J8*100/J3) -> 63.156157 | M8: =(J8*100)/$J$4 -> 67.466055 | O8: =PlayerResults!G40 -> 548.75 | Q8: =(O8*100)/$O$3 -> 35.760834
B9: Narvex | C9: =L9*0.15 -> 8.9311654 | D9: =Q9*0.85 -> 29.275008 | G9: =C9+D9+E9 -> 38.206174 | H9: 7 | J9: =PuntosBraacket!B7 -> 3607 | L9: =(J9*100/J3) -> 59.541103 | M9: =(J9*100)/$J$4 -> 63.604303 | O9: =PlayerResults!H40 -> 528.5 | Q9: =(O9*100)/$O$3 -> 34.441186
B10: Diexter | C10: =L10*0.15 -> 8.3492902 | D10: =Q10*0.85 -> 15.634572 | G10: =C10+D10+E10 -> 23.983862 | H10: 9 | J10: =PuntosBraacket!B8 -> 3372 | L10: =(J10*100/J3) -> 55.661935 | M10: =(J10*100)/$J$4 -> 59.460413 | O10: =PlayerResults!I40 -> 282.25 | Q10: =(O10*100)/$O$3 -> 18.393614
B11: Mask | C11: =L11*0.15 -> 8.2304391 | D11: =Q11*0.85 -> 20.896872 | G11: =C11+D11+E11 -> 29.127311 | H11: 8 | J11: =PuntosBraacket!B9 -> 3324 | L11: =(J11*100/J3) -> 54.869594 | M11: =(J11*100)/$J$4 -> 58.614001 | O11: =PlayerResults!J40 -> 377.25 | Q11: =(O11*100)/$O$3 -> 24.584555
B12: DrWilty | C12: =L12*0.15 -> 7.1805877 | D12: =Q12*0.85 -> 15.613799 | G12: =C12+D12+E12 -> 22.794387 | H12: 10 | J12: =PuntosBraacket!B10 -> 2900 | L12: =(J12*100/J3) -> 47.870584 | M12: =(J12*100)/$J$4 -> 51.137366 | O12: =PlayerResults!K40 -> 281.875 | Q12: =(O12*100)/$O$3 -> 18.369176
B13: Saviir | C13: =L13*0.15 -> 6.4551007 | D13: =Q13*0.85 -> 11.244705 | G13: =C13+D13+E13 -> 17.699806 | H13: 11 | J13: =PuntosBraacket!B11 -> 2607 | L13: =(J13*100/J3) -> 43.034005 | M13: =(J13*100)/$J$4 -> 45.970728 | O13: =PlayerResults!L40 -> 203 | Q13: =(O13*100)/$O$3 -> 13.229065
B14: Rin | C14: =L14*0.15 -> 5.779135 | D14: =Q14*0.85 -> 11.217009 | G14: =C14+D14+E14 -> 16.996144 | H14: 12 | J14: =PuntosBraacket!B12 -> 2334 | L14: =(J14*100/J3) -> 38.527567 | M14: =(J14*100)/$J$4 -> 41.156762 | O14: =PlayerResults!M40 -> 202.5 | Q14: =(O14*100)/$O$3 -> 13.196481
B15: Hakko | C15: =L15*0.15 -> 5.3334434 | D15: =Q15*0.85 -> 8.357364 | G15: =C15+D15+E15 -> 13.690807 | H15: 13 | J15: =PuntosBraacket!B13 -> 2154 | L15: =(J15*100/J3) -> 35.556289 | M15: =(J15*100)/$J$4 -> 37.982719 | O15: =PlayerResults!N40 -> 150.875 | Q15: =(O15*100)/$O$3 -> 9.8321929
B16: Adryx | C16: =L16*0.15 -> 5.3334434 | D16: =Q16*0.85 -> 12.401026 | G16: =C16+D16+E16 -> 17.73447 | H16: 14 | J16: =PuntosBraacket!B14 -> 2154 | L16: =(J16*100/J3) -> 35.556289 | M16: =(J16*100)/$J$4 -> 37.982719 | O16: =PlayerResults!O40 -> 223.875 | Q16: =(O16*100)/$O$3 -> 14.589443
B17: Sombreitor | C17: =L17*0.15 -> 5.2542093 | D17: =Q17*0.85 -> 10.275334 | G17: =C17+D17+E17 -> 15.529543 | H17: 15 | J17: =PuntosBraacket!B15 -> 2122 | L17: =(J17*100/J3) -> 35.028062 | M17: =(J17*100)/$J$4 -> 37.418445 | O17: =PlayerResults!P40 -> 185.5 | Q17: =(O17*100)/$O$3 -> 12.088628
B18: Nycolast | C18: =L18*0.15 -> 5.1774513 | D18: =Q18*0.85 -> 7.921147 | G18: =C18+D18+E18 -> 13.098598 | H18: 16 | J18: =PuntosBraacket!B16 -> 2091 | L18: =(J18*100/J3) -> 34.516342 | M18: =(J18*100)/$J$4 -> 36.871804 | O18: =PlayerResults!Q40 -> 143 | Q18: =(O18*100)/$O$3 -> 9.3189964
B19: EnzoAR | C19: =L19*0.15 -> 5.011555 | D19: =Q19*0.85 -> 8.2188824 | G19: =C19+D19+E19 -> 13.230437 | H19: 17 | J19: =PuntosBraacket!B17 -> 2024 | L19: =(J19*100/J3) -> 33.410366 | M19: =(J19*100)/$J$4 -> 35.690354 | O19: =PlayerResults!R40 -> 148.375 | Q19: =(O19*100)/$O$3 -> 9.6692734
B20: Gzuto | C20: =L20*0.15 -> 4.6252889 | D20: =Q20*0.85 -> 5.9547084 | G20: =C20+D20+E20 -> 10.579997 | H20: 18 | J20: =PuntosBraacket!B18 -> 1868 | L20: =(J20*100/J3) -> 30.835259 | M20: =(J20*100)/$J$4 -> 32.939517 | O20: =PlayerResults!S40 -> 107.5 | Q20: =(O20*100)/$O$3 -> 7.0055393
B21: Jalonso | C21: =L21*0.15 -> 3.7636184 | D21: =Q21*0.85 -> 2.2364777 | G21: =C21+D21+E21 -> 6.000096 | H21: 19 | J21: =PuntosBraacket!B19 -> 1520 | L21: =(J21*100/J3) -> 25.090789 | M21: =(J21*100)/$J$4 -> 26.803033 | O21: =PlayerResults!T40 -> 40.375 | Q21: =(O21*100)/$O$3 -> 2.6311502
B22: Frewe10 | C22: =L22*0.15 -> 3.3748762 | D22: =Q22*0.85 -> 7.8311339 | G22: =C22+D22+E22 -> 11.20601 | H22: 20 | J22: =PuntosBraacket!B20 -> 1363 | L22: =(J22*100/J3) -> 22.499175 | M22: =(J22*100)/$J$4 -> 24.034562 | O22: =PlayerResults!U40 -> 141.375 | Q22: =(O22*100)/$O$3 -> 9.2130987
B23: Traum | C23: =L23*0.15 -> 3.3624959 | D23: =Q23*0.85 -> 2.2364777 | G23: =C23+D23+E23 -> 5.5989736 | H23: 21 | J23: =PuntosBraacket!B21 -> 1358 | L23: =(J23*100/J3) -> 22.416639 | M23: =(J23*100)/$J$4 -> 23.946394 | O23: =PlayerResults!V40 -> 40.375 | Q23: =(O23*100)/$O$3 -> 2.6311502
B24: Hanival15 | C24: =L24*0.15 -> 3.1555281 | D24: =Q24*0.85 -> 5.1999837 | G24: =C24+D24+E24 -> 8.3555118 | H24: 22 | J24: =PuntosBraacket!B22 -> 1193 | L24: =(J24*100/J4) -> 21.036854 | M24: =(J24*100)/$J$4 -> 21.036854 | O24: =PlayerResults!W40 -> 93.875 | Q24: =(O24*100)/$O$3 -> 6.1176279
B27: Top ordenado actualmente
A28: 1 | B28: Saihara | D28: 100
A29: 2 | B29: El Juancho | D29: 93.862551
A30: 3 | B30: Tormen | D30: 74.446008
A31: 4 | B31: chatu | D31: 59.200593
A32: 5 | B32: AND | D32: 53.353482
A33: 6 | B33: Dalvila | D33: 39.870133
A34: 7 | B34: Narvex | D34: 38.206174
A35: 8 | B35: Mask | D35: 29.127311
A36: 9 | B36: Diexter | D36: 23.983862
A37: 10 | B37: DrWilty | D37: 22.794387
A38: 11 | B38: Adryx | D38: 17.73447
A39: 12 | B39: Saviir | D39: 17.699806
... A49: 22 | B49: Traum | D49: 5.5989736

Sheet TorneosScore
A1: Torneo | B1: Score | C1: Entrants
A2: AoT | B2: 1482 | C2: 52 | D2: Tier B
A3: CoD5 | B3: 428 | C3: 19 | D3: Tier C
A4: Plátano | B4: 430 | C4: 21 | D4: Tier C
A5: CoD6 | B5: 646 | C5: 28 | D5: Tier C
A6: CoD7 | B6: 820 | C6: 37 | D6: Tier B
A7: Caparazón | B7: 694 | C7: 31 | D7: Tier C
A8: CoD8 | B8: 708 | C8: 30 | D8: Tier C
A9: CoD9 | B9: 612 | C9: 24 | D9: Tier C
A21: Neo Sunnyside #8 | B21: 366 | C21: 17 | D21: Joseja (?) | G21: =B21/C21 -> 21.529412 | H21: =21*16 -> 336 | J21: Entre la season 5 SBS y season 6 se incrementó el score de los primeros 48 entrants, haciendo que los torneos pequeños generasen más puntos más rápido
A22: MaraSmash 8 | B22: 446 | C22: 22 | G22: =B22/C22 -> 20.272727 | J22: =350/313 -> 1.1182109
A23: BG Tilts & Taunts 2 (18 sin dqs) | B23: 350 | C23: 16 | D23: Isma (?) | G23: =B23/C23 -> 21.875
A24: Sunnyside Express #21 | B24: 414 | C24: 20 | G24: =B24/C24 -> 20.7
A25: Odin Summer Weekly #55 | B25: 374 | C25: 16 | D25: ZeShi (100), Xiorad (100) | F25: =(B25-B23)/2 -> 12 | G25: =(B25-(F25*2))/C25 -> 21.875 | N25: 19 base | O25: 398
G26: =(G21+G22+G23+G24+G25)/5 -> 21.250428 | N26: 19+top100 | O26: 410
F27: 1 entrant = | G27: 21 supongo? | N27: diff | O27: =O26-O25 -> 12
N29: 1 | O29: =O25/19 -> 20.947368
N30: 16+top30+top100 | O30: 422
N31: 16 base? | O31: =O29*16 -> 335.15789
N32: 16 base real (1a mitad 2023) | O32: 313

Sheet TorneosResults
A1: Torneo | B1: Scores fixed | C1: Entrants | D1: 1 | E1: 2 | F1: 3 | G1: 4 | H1: 5 | I1: 5 | J1: 7 | K1: 7 | L1: 9 | M1: 9 | N1: 9 | O1: 9 | P1: 13 | Q1: 13 | R1: 13 | S1: 13 | T1: 17 | U1: 17 | V1: 17 | W1: 17 | X1: 17 | Y1: 17 | Z1: 17 | AA1: 17 | AB1: 25 | AC1: 25 | AD1: 25 | AE1: 25 | AF1: 25 | AG1: 25 | AH1: 25 | AI1: 25 | AJ1: 33 | AK1: 33 | AL1: 33 | AM1: 33 | AN1: 33 | AO1: 33 | AP1: 33 | AQ1: 33 | AR1: 49
A2: =TorneosScore!A2 -> AoT | B2: =TorneosScore!B2 -> 1482 | C2: =TorneosScore!C2 -> 52 | D2: Scisto | E2: Osoman | F2: Utop-ian | G2: JupiNya | H2: Molo | I2: BlackLoner | J2: gafce | K2: pepe star fox | L2: esca | M2: Dabif | N2: RamonWars | O2: Zant | P2: Lokilla | Q2: Andhi | R2: DjMon | S2: Patrick | T2: Pope | U2: Saihara | V2: chatu | W2: Ego | X2: Fontz | Y2: Golo | Z2: Kuriso | AA2: Tormen | AB2: AND | AC2: angeloti12 | AD2: Ivol | AE2: raishack | AF2: RedKenku | AG2: Jorgito | AH2: AGITO | AI2: Zuka | AJ2: Azfalot | AK2: Dalvila | AL2: Diexter | AM2: El Juancho | AN2: Frewe10 | AO2: Narvex | AP2: Saviir | AQ2: Traum | AR2: Nycolast
A3: =TorneosScore!A3 -> CoD5 | B3: =TorneosScore!B3 -> 428 | C3: =TorneosScore!C3 -> 19 | D3: gafce | E3: El Juancho | F3: Tormen | G3: chatu | H3: Dalvila | I3: Mask | J3: Ch1ris | K3: Narvex | L3: Adryx | M3: Diexter | N3: Foxy | O3: Rin | P3: Hanival15 | Q3: Lonson | R3: Nycolast | S3: Sombreitor | T3: Frewe10 | U3: Leboxi | V3: Soulsilver
A4: =TorneosScore!A4 -> Plátano | B4: =TorneosScore!B4 -> 430 | C4: =TorneosScore!C4 -> 21 | D4: El Juancho | E4: AND | F4: chatu | G4: Zuka | H4: Golo | I4: Narvex | J4: Dalvila | K4: Vemax | L4: Cate | M4: Gzuto | N4: Hakko | O4: Saviir | P4: Ch1ris | Q4: Diexter | R4: EnzoAR | S4: Frewe10 | T4: Nycolast | U4: Ainhi | V4: Eduardo | W4: Foxy | X4: Lonson
A5: =TorneosScore!A5 -> CoD6 | B5: =TorneosScore!B5 -> 646 | C5: =TorneosScore!C5 -> 28 | D5: Molo | E5: Saihara | F5: BlackLoner | G5: El Juancho | H5: Andhi | I5: Frey | J5: chatu | K5: Divain | L5: Ego | M5: Egotzon | N5: Jorgito | O5: Tormen | P5: Dalvila | Q5: Diexter | R5: Narvex | S5: Sombreitor | T5: Adryx | U5: DrWilty | V5: Hanival15 | W5: Jalonso | X5: Mask | Y5: Rin | Z5: Saviir | AA5: Traum | AB5: Edu | AC5: Frewe10 | AD5: Ruben04 | AE5: Soulsilver
A6: =TorneosScore!A6 -> CoD7 | B6: =TorneosScore!B6 -> 820 | C6: =TorneosScore!C6 -> 37 | D6: BlackLoner | E6: Molo | F6: Andhi | G6: Frey | H6: gafce | I6: Saihara | J6: 53845 | K6: El Juancho | L6: AND | M6: Golo | N6: Minix10 | O6: Tormen | P6: Cate | Q6: chatu | R6: Egotzon | S6: Falkko | T6: Dalvila | U6: DaniGetto | V6: Diexter | W6: EnzoAR | X6: Nycolast | Y6: Rin | Z6: Saviir | AA6: Sombreitor | AB6: Adryx | AC6: Cacamot | AD6: Gzuto | AE6: Hanival15 | AF6: Jalonso | AG6: Narvex | AH6: Traum | AI6: aajuñiga | AJ6: Frewe10 | AK6: Dinokami
A7: =TorneosScore!A7 -> Caparazón | B7: =TorneosScore!B7 -> 694 | C7: =TorneosScore!C7 -> 31 | D7: rmoragar | E7: El Juancho | F7: BlackLoner | G7: Saihara | H7: Frey | I7: Tormen | J7: chatu | K7: Golo | L7: AND | M7: Dalvila | N7: Egotzon | O7: Zuka | P7: Default | Q7: Diexter | R7: Mask | S7: Narvex | T7: Cate | U7: ElCope | V7: EnzoAR | W7: Foxy | X7: Frewe10 | Y7: Hakko | Z7: Saviir | AA7: Sombreitor | AB7: ad99 | AC7: Adryx | AD7: Cris284 | AE7: Dinokami | AF7: Edu 024 | AG7: GodT | AH7: Pichuru
A8: =TorneosScore!A8 -> CoD8 | B8: =TorneosScore!B8 -> 708 | C8: =TorneosScore!C8 -> 30 | D8: Molo | E8: BlackLoner | F8: ML41 | G8: Tormen | H8: gafce | I8: Ego | J8: Egotzon | K8: Frey | L8: chatu | M8: Golo | N8: Sabo | O8: Jorgito | P8: Diexter | Q8: DrWilty | R8: El Juancho | S8: Vemax | T8: Dalvila | U8: Edu 024 | V8: Frewe10 | W8: Mask | X8: Narvex | Y8: Rin | Z8: Saviir | AA8: Sombreitor | AB8: Adryx | AC8: Ainhi | AD8: EnzoAR | AE8: Hanival15 | AF8: Nycolast | AG8: Pichuru
A9: =TorneosScore!A9 -> CoD9 | B9: =TorneosScore!B9 -> 612 | C9: =TorneosScore!C9 -> 24 | D9: Molo | E9: Saihara | F9: gafce | G9: ML41 | H9: Ego | I9: Tormen | J9: chatu | K9: Jorgito | L9: Dalvila | M9: DrWilty | N9: Egotzon | O9: Narvex | P9: Adryx | Q9: AngelDust | R9: Diexter | S9: Mask | T9: Edu 024 | U9: EnzoAR | V9: Frewe10 | W9: Kaori | X9: Nycolast | Y9: Pichuru | Z9: Rex suzuki | AA9: Sombreitor
A18: Método 1
A19: =D19+E19+F19 -> 100 | B19: <8 entrants | C19: =100/3 -> 33.333333 | D19: =C19*1.5 -> 50 | E19: =C19*1 -> 33.333333 | F19: =C19*0.5 -> 16.666667
A20: =D20+E20+F20+G20+H20+J20 -> 100 | B20: <16 entrants | C20: =100/8 -> 12.5 | D20: =C20*2 -> 25 | E20: =C20*1.75 -> 21.875 | F20: =C20*1.5 -> 18.75 | G20: =C20*1.25 -> 15.625 | H20: =C20*1 -> 12.5 | I20: =H20 -> 12.5 | J20: =C20*0.5 -> 6.25 | K20: =J20 -> 6.25
A21: =D21+E21+F21+G21+H21+J21+L21 -> 100 | B21: >=16 entrants | C21: =100/12 -> 8.3333333 | D21: =C21*3 -> 25 | E21: =C21*2.5 -> 20.833333 | F21: =C21*2 -> 16.666667 | G21: =C21*1.5 -> 12.5 | H21: =C21*1.25 -> 10.416667 | I21: =H21 -> 10.416667 | J21: =C21*1 -> 8.3333333 | K21: =J21 -> 8.3333333 | L21: =C21*0.75 -> 6.25 | M21: =L21 -> 6.25 | N21: =L21 -> 6.25 | O21: =L21 -> 6.25
A22: 100 | B22: >=24 entrants | C22: =100/24 -> 4.1666667
B24: Método 2
B25: 100 | C25: <8 entrants | D25: =B25*1 -> 100 | E25: =B25*0.67 -> 67 | F25: =B25*0.33 -> 33
B26: 100 | C26: 8-15 entrants | D26: =B26*1 -> 100 | E26: =B26*0.875 -> 87.5 | F26: =B26*0.75 -> 75 | G26: =B26*0.625 -> 62.5 | H26: =B26*0.5 -> 50 | I26: =H26 -> 50 | J26: =B26*0.375 -> 37.5 | K26: =J26 -> 37.5 | L26: =B26*0.25 -> 25 | M26: =L26 -> 25 | N26: =L26 -> 25 | O26: =L26 -> 25 | P26: =B26*0.125 -> 12.5 | Q26: =P26 -> 12.5 | R26: =P26 -> 12.5 | S26: =P26 -> 12.5 | T26: =B26*0.0625 -> 6.25
B27: 100 | C27: 16-23 entrants | D27: =B27*1 -> 100 | E27: =B27*0.875 -> 87.5 | F27: =B27*0.75 -> 75 | G27: =B27*0.625 -> 62.5 | H27: =B27*0.5 -> 50 | I27: =H27 -> 50 | J27: =B27*0.375 -> 37.5 | K27: =J27 -> 37.5 | L27: =B27*0.25 -> 25 | M27: =L27 -> 25 | N27: =L27 -> 25 | O27: =L27 -> 25 | P27: =B27*0.125 -> 12.5 | Q27: =P27 -> 12.5 | R27: =P27 -> 12.5 | S27: =P27 -> 12.5 | T27: =B27*0.0625 -> 6.25
B28: 100 | C28: 24-32 entrants | D28: =B28*1 -> 100 | E28: =B28*0.875 -> 87.5 | F28: =B28*0.75 -> 75 | G28: =B28*0.625 -> 62.5 | H28: =B28*0.5 -> 50 | I28: =H28 -> 50 | J28: =B28*0.375 -> 37.5 | K28: =J28 -> 37.5 | L28: =B28*0.25 -> 25 | M28: =L28 -> 25 | N28: =L28 -> 25 | O28: =L28 -> 25 | P28: =B28*0.125 -> 12.5 | Q28: =P28 -> 12.5 | R28: =P28 -> 12.5 | S28: =P28 -> 12.5 | T28: =B28*0.0625 -> 6.25
A31: Método 1
A32: =A1 -> Torneo | B32: =C1 -> Entrants | C32: Score/entrant | D32: 1 | E32: 2 | F32: 3 | G32: 4 | H32: 5 | I32: 5 | J32: 7 | K32: 7 | L32: 9 | M32: 9 | N32: 9 | O32: 9 | P32: Score total | Q32: Suma valores
A33: =A2 -> AoT | B33: =C2 -> 52 | C33: =B2/12 -> 123.5 | D33: =C33*3 -> 370.5 | E33: =C33*2.5 -> 308.75 | F33: =C33*2 -> 247 | G33: =C33*1.5 -> 185.25 | H33: =C33*1.25 -> 154.375 | I33: =H33 -> 154.375 | J33: =C33*1 -> 123.5 | K33: =J33 -> 123.5 | L33: =C33*0.75 -> 92.625 | M33: =L33 -> 92.625 | N33: =L33 -> 92.625 | O33: =L33 -> 92.625 | P33: =B2 -> 1482 | Q33: =D33+E33+F33+G33+H33+J33+L33 -> 1482
A34: =A3 -> CoD5 | B34: =C3 -> 19 | C34: =B3/12 -> 35.666667 | D34: =C34*3 -> 107 | E34: =C34*2.5 -> 89.166667 | F34: =C34*2 -> 71.333333 | G34: =C34*1.5 -> 53.5 | H34: =C34*1.25 -> 44.583333 | I34: =H34 -> 44.583333 | J34: =C34*1 -> 35.666667 | K34: =J34 -> 35.666667 | L34: =C34*0.75 -> 26.75 | M34: =L34 -> 26.75 | N34: =L34 -> 26.75 | O34: =L34 -> 26.75 | P34: =B3 -> 428 | Q34: =D34+E34+F34+G34+H34+J34+L34 -> 428
A35: =A4 -> Plátano | B35: =C4 -> 21 | C35: =B4/12 -> 35.833333 | D35: =C35*3 -> 107.5 | E35: =C35*2.5 -> 89.583333 | F35: =C35*2 -> 71.666667 | G35: =C35*1.5 -> 53.75 | H35: =C35*1.25 -> 44.791667 | I35: =H35 -> 44.791667 | J35: =C35*1 -> 35.833333 | K35: =J35 -> 35.833333 | L35: =C35*0.75 -> 26.875 | M35: =L35 -> 26.875 | N35: =L35 -> 26.875 | O35: =L35 -> 26.875 | P35: =B4 -> 430 | Q35: =D35+E35+F35+G35+H35+J35+L35 -> 430
A36: =A5 -> CoD6 | B36: =C5 -> 28 | C36: =B5/12 -> 53.833333 | D36: =C36*3 -> 161.5 | E36: =C36*2.5 -> 134.58333 | F36: =C36*2 -> 107.66667 | G36: =C36*1.5 -> 80.75 | H36: =C36*1.25 -> 67.291667 | I36: =H36 -> 67.291667 | J36: =C36*1 -> 53.833333 | K36: =J36 -> 53.833333 | L36: =C36*0.75 -> 40.375 | M36: =L36 -> 40.375 | N36: =L36 -> 40.375 | O36: =L36 -> 40.375 | P36: =B5 -> 646 | Q36: =D36+E36+F36+G36+H36+J36+L36 -> 646
A37: =A6 -> CoD7 | B37: =C6 -> 37 | C37: =B6/12 -> 68.333333 | D37: =C37*3 -> 205 | E37: =C37*2.5 -> 170.83333 | F37: =C37*2 -> 136.66667 | G37: =C37*1.5 -> 102.5 | H37: =C37*1.25 -> 85.416667 | I37: =H37 -> 85.416667 | J37: =C37*1 -> 68.333333 | K37: =J37 -> 68.333333 | L37: =C37*0.75 -> 51.25 | M37: =L37 -> 51.25 | N37: =L37 -> 51.25 | O37: =L37 -> 51.25 | P37: =B6 -> 820 | Q37: =D37+E37+F37+G37+H37+J37+L37 -> 820
A38: =A7 -> Caparazón | B38: =C7 -> 31 | C38: =B7/12 -> 57.833333 | D38: =C38*3 -> 173.5 | E38: =C38*2.5 -> 144.58333 | F38: =C38*2 -> 115.66667 | G38: =C38*1.5 -> 86.75 | H38: =C38*1.25 -> 72.291667 | I38: =H38 -> 72.291667 | J38: =C38*1 -> 57.833333 | K38: =J38 -> 57.833333 | L38: =C38*0.75 -> 43.375 | M38: =L38 -> 43.375 | N38: =L38 -> 43.375 | O38: =L38 -> 43.375 | P38: =B7 -> 694 | Q38: =D38+E38+F38+G38+H38+J38+L38 -> 694
A39: =A8 -> CoD8 | B39: =C8 -> 30 | C39: =B8/12 -> 59 | D39: =C39*2 -> 118 | E39: =C39*1.75 -> 103.25 | F39: =C39*1.5 -> 88.5 | G39: =C39*1.25 -> 73.75 | H39: =C39*1 -> 59 | I39: =H39 -> 59 | J39: =C39*0.5 -> 29.5 | K39: =J39 -> 29.5 | P39: =B8 -> 708 | Q39: =D39+E39+F39+G39+H39+J39+L39 -> 472
A40: =A9 -> CoD9 | B40: =C9 -> 24 | C40: =B9/12 -> 51 | D40: =C40*3 -> 153 | E40: =C40*2.5 -> 127.5 | F40: =C40*2 -> 102 | G40: =C40*1.5 -> 76.5 | H40: =C40*1.25 -> 63.75 | I40: =H40 -> 63.75 | J40: =C40*1 -> 51 | K40: =J40 -> 51 | L40: =C40*0.75 -> 38.25 | M40: =L40 -> 38.25 | N40: =L40 -> 38.25 | O40: =L40 -> 38.25 | P40: =B9 -> 612 | Q40: =D40+E40+F40+G40+H40+J40+L40 -> 612
A42: Método 2
A43: =A1 -> Torneo | B43: =B1 -> Scores fixed | C43: =C1 -> Entrants | D43: 1 | E43: 2 | F43: 3 | G43: 4 | H43: 5 | I43: 7 | J43: 9 | K43: 13 | L43: 17
A44: =A2 -> AoT | B44: =B2 -> 1482 | C44: =C2 -> 52 | D44: =B44*1 -> 1482 | E44: =B44*0.875 -> 1296.75 | F44: =B44*0.75 -> 1111.5 | G44: =B44*0.625 -> 926.25 | H44: =B44*0.5 -> 741 | I44: =B44*0.375 -> 555.75 | J44: =B44*0.25 -> 370.5 | K44: =B44*0.125 -> 185.25 | L44: =B44*0.0625 -> 92.625 | M44: =A2 -> AoT
A45: =A3 -> CoD5 | B45: =B3 -> 428 | C45: =C3 -> 19 | D45: =B45*1 -> 428 | E45: =B45*0.875 -> 374.5 | F45: =B45*0.75 -> 321 | G45: =B45*0.625 -> 267.5 | H45: =B45*0.5 -> 214 | I45: =B45*0.375 -> 160.5 | J45: =B45*0.25 -> 107 | K45: =B45*0.125 -> 53.5 | L45: =B45*0.0625 -> 26.75 | M45: =A3 -> CoD5
A46: =A4 -> Plátano | B46: =B4 -> 430 | C46: =C4 -> 21 | D46: =B46*1 -> 430 | E46: =B46*0.875 -> 376.25 | F46: =B46*0.75 -> 322.5 | G46: =B46*0.625 -> 268.75 | H46: =B46*0.5 -> 215 | I46: =B46*0.375 -> 161.25 | J46: =B46*0.25 -> 107.5 | K46: =B46*0.125 -> 53.75 | L46: =B46*0.0625 -> 26.875 | M46: =A4 -> Plátano
A47: =A5 -> CoD6 | B47: =B5 -> 646 | C47: =C5 -> 28 | D47: =B47*1 -> 646 | E47: =B47*0.875 -> 565.25 | F47: =B47*0.75 -> 484.5 | G47: =B47*0.625 -> 403.75 | H47: =B47*0.5 -> 323 | I47: =B47*0.375 -> 242.25 | J47: =B47*0.25 -> 161.5 | K47: =B47*0.125 -> 80.75 | L47: =B47*0.0625 -> 40.375 | M47: =A5 -> CoD6
A48: =A6 -> CoD7 | B48: =B6 -> 820 | C48: =C6 -> 37 | D48: =B48*1 -> 820 | E48: =B48*0.875 -> 717.5 | F48: =B48*0.75 -> 615 | G48: =B48*0.625 -> 512.5 | H48: =B48*0.5 -> 410 | I48: =B48*0.375 -> 307.5 | J48: =B48*0.25 -> 205 | K48: =B48*0.125 -> 102.5 | L48: =B48*0.0625 -> 51.25 | M48: =A6 -> CoD7
A49: =A7 -> Caparazón | B49: =B7 -> 694 | C49: =C7 -> 31 | D49: =B49*1 -> 694 | E49: =B49*0.875 -> 607.25 | F49: =B49*0.75 -> 520.5 | G49: =B49*0.625 -> 433.75 | H49: =B49*0.5 -> 347 | I49: =B49*0.375 -> 260.25 | J49: =B49*0.25 -> 173.5 | K49: =B49*0.125 -> 86.75 | L49: =B49*0.0625 -> 43.375 | M49: =A7 -> Caparazón
A50: =A8 -> CoD8 | B50: =B8 -> 708 | C50: =C8 -> 30 | D50: =B50*1 -> 708 | E50: =B50*0.875 -> 619.5 | F50: =B50*0.75 -> 531 | G50: =B50*0.625 -> 442.5 | H50: =B50*0.5 -> 354 | I50: =B50*0.375 -> 265.5 | J50: =B50*0.25 -> 177 | K50: =B50*0.125 -> 88.5 | L50: =B50*0.0625 -> 44.25 | M50: =A8 -> CoD8
A51: =A9 -> CoD9 | B51: =B9 -> 612 | C51: =C9 -> 24 | D51: =B51*1 -> 612 | E51: =B51*0.875 -> 535.5 | F51: =B51*0.75 -> 459 | G51: =B51*0.625 -> 382.5 | H51: =B51*0.5 -> 306 | I51: =B51*0.375 -> 229.5 | J51: =B51*0.25 -> 153 | K51: =B51*0.125 -> 76.5 | L51: =B51*0.0625 -> 38.25 | M51: =A9 -> CoD9

Sheet PlayerResults
A1: Torneo | B1: Saihara | C1: El Juancho | D1: Tormen | E1: chatu | F1: AND | G1: Dalvila | H1: Narvex | I1: Diexter | J1: Mask | K1: DrWilty | L1: Saviir | M1: Rin | N1: Hakko | O1: Adryx | P1: Sombreitor | Q1: Nycolast | R1: EnzoAR | S1: Gzuto | T1: Jalonso | U1: Frewe10 | V1: Traum | W1: Hanival15
A2: =TorneosScore!A2 -> AoT | B2: 17 | C2: 33 | D2: 17 | E2: 17 | F2: 25 | G2: 33 | H2: 33 | I2: 33 | L2: 33 | Q2: 49 | U2: 33 | V2: 33
A3: =TorneosScore!A3 -> CoD5 | C3: 2 | D3: 3 | E3: 4 | G3: 5 | H3: 7 | I3: 9 | J3: 5 | M3: 9 | O3: 9 | P3: 13 | Q3: 13 | U3: 17 | W3: 13
A4: =TorneosScore!A4 -> Plátano | C4: 1 | E4: 3 | F4: 2 | G4: 7 | H4: 5 | I4: 13 | L4: 9 | N4: 9 | Q4: 17 | R4: 13 | S4: 9 | U4: 13
A5: =TorneosScore!A5 -> CoD6 | B5: 2 | C5: 4 | D5: 9 | E5: 7 | G5: 13 | H5: 13 | I5: 13 | J5: 17 | K5: 17 | L5: 17 | M5: 17 | O5: 17 | P5: 13 | T5: 17 | U5: 25 | V5: 17 | W5: 17
A6: =TorneosScore!A6 -> CoD7 | B6: 5 | C6: 7 | D6: 9 | E6: 13 | F6: 9 | G6: 17 | H6: 25 | I6: 17 | L6: 17 | M6: 17 | O6: 25 | P6: 17 | Q6: 17 | R6: 17 | S6: 25 | T6: 25 | U6: 33 | V6: 25 | W6: 25
A7: =TorneosScore!A7 -> Caparazón | B7: 4 | C7: 2 | D7: 5 | E7: 7 | F7: 9 | G7: 9 | H7: 13 | I7: 13 | J7: 13 | L7: 17 | N7: 17 | O7: 25 | P7: 17 | R7: 17 | U7: 17
A8: =TorneosScore!A8 -> CoD8 | C8: 13 | D8: 4 | E8: 9 | G8: 17 | H8: 17 | I8: 13 | J8: 17 | K8: 13 | L8: 17 | M8: 17 | O8: 25 | P8: 17 | Q8: 25 | R8: 25 | U8: 17 | W8: 25
A9: =TorneosScore!A9 -> CoD9 | B9: 2 | D9: 5 | E9: 7 | G9: 9 | H9: 9 | I9: 13 | J9: 13 | K9: 9 | O9: 13 | P9: 17 | Q9: 17 | R9: 17 | U9: 17
A21: Score | B21: Saihara | C21: El Juancho | D21: Tormen | E21: chatu | F21: AND | G21: Dalvila | H21: Narvex | I21: Diexter | J21: Mask | K21: DrWilty | L21: Saviir | M21: Rin | N21: Hakko | O21: Adryx | P21: Sombreitor | Q21: Nycolast | R21: EnzoAR | S21: Gzuto | T21: Jalonso | U21: Frewe10 | V21: Traum | W21: Hanival15
A22: =TorneosScore!A2 -> AoT | B22: =TorneosResults!L44 -> 92.625 | C22: 0 | D22: =TorneosResults!L44 -> 92.625 | E22: =TorneosResults!L44 -> 92.625 | F22: 0 | G22: 0 | H22: 0 | I22: 0 | L22: 0 | Q22: 0 | U22: 0 | V22: 0
A23: =TorneosScore!A3 -> CoD5 | C23: =TorneosResults!E45 -> 374.5 | D23: =TorneosResults!F45 -> 321 | E23: =TorneosResults!G45 -> 267.5 | G23: =TorneosResults!H45 -> 214 | H23: =TorneosResults!I45 -> 160.5 | I23: =TorneosResults!J45 -> 107 | J23: =TorneosResults!H45 -> 214 | M23: =TorneosResults!J45 -> 107 | O23: =TorneosResults!J45 -> 107 | P23: =TorneosResults!K45 -> 53.5 | Q23: =TorneosResults!K45 -> 53.5 | U23: =TorneosResults!L45 -> 26.75 | W23: =TorneosResults!K45 -> 53.5
A24: =TorneosScore!A4 -> Plátano | C24: =TorneosResults!D46 -> 430 | E24: =TorneosResults!F46 -> 322.5 | F24: =TorneosResults!E46 -> 376.25 | G24: =TorneosResults!I46 -> 161.25 | H24: =TorneosResults!H46 -> 215 | I24: =TorneosResults!K46 -> 53.75 | L24: =TorneosResults!J46 -> 107.5 | N24: =TorneosResults!J46 -> 107.5 | Q24: =TorneosResults!L46 -> 26.875 | R24: =TorneosResults!K46 -> 53.75 | S24: =TorneosResults!J46 -> 107.5 | U24: =TorneosResults!K46 -> 53.75
A25: =TorneosScore!A5 -> CoD6 | B25: =TorneosResults!E47 -> 565.25 | C25: =TorneosResults!G47 -> 403.75 | D25: =TorneosResults!J47 -> 161.5 | E25: =TorneosResults!I47 -> 242.25 | G25: =TorneosResults!K47 -> 80.75 | H25: =TorneosResults!K47 -> 80.75 | I25: =TorneosResults!K47 -> 80.75 | J25: =TorneosResults!L47 -> 40.375 | K25: =TorneosResults!L47 -> 40.375 | L25: =TorneosResults!L47 -> 40.375 | M25: =TorneosResults!L47 -> 40.375 | O25: =TorneosResults!L47 -> 40.375 | P25: =TorneosResults!K47 -> 80.75 | T25: =TorneosResults!L47 -> 40.375 | U25: 0 | V25: =TorneosResults!L47 -> 40.375 | W25: =TorneosResults!L47 -> 40.375
A26: =TorneosScore!A6 -> CoD7 | B26: =TorneosResults!H48 -> 410 | C26: =TorneosResults!I48 -> 307.5 | D26: =TorneosResults!J48 -> 205 | E26: =TorneosResults!K48 -> 102.5 | F26: =TorneosResults!J48 -> 205 | G26: =TorneosResults!L48 -> 51.25 | H26: 0 | I26: =TorneosResults!L48 -> 51.25 | L26: =TorneosResults!L48 -> 51.25 | M26: =TorneosResults!L48 -> 51.25 | O26: 0 | P26: =TorneosResults!L48 -> 51.25 | Q26: =TorneosResults!L48 -> 51.25 | R26: =TorneosResults!L48 -> 51.25 | S26: 0 | T26: 0 | U26: 0 | V26: 0 | W26: 0
A27: =TorneosScore!A7 -> Caparazón | B27: =TorneosResults!G49 -> 433.75 | C27: =TorneosResults!E49 -> 607.25 | D27: =TorneosResults!H49 -> 347 | E27: =TorneosResults!I49 -> 260.25 | F27: =TorneosResults!J49 -> 173.5 | G27: =TorneosResults!J49 -> 173.5 | H27: =TorneosResults!K49 -> 86.75 | I27: =TorneosResults!K49 -> 86.75 | J27: =TorneosResults!K49 -> 86.75 | L27: =TorneosResults!L49 -> 43.375 | N27: =TorneosResults!L49 -> 43.375 | O27: 0 | P27: =TorneosResults!L49 -> 43.375 | R27: =TorneosResults!L49 -> 43.375 | U27: =TorneosResults!L49 -> 43.375
A28: =TorneosScore!A8 -> CoD8 | C28: =TorneosResults!K50 -> 88.5 | D28: =TorneosResults!G50 -> 442.5 | E28: =TorneosResults!J50 -> 177 | G28: =TorneosResults!L50 -> 44.25 | H28: =TorneosResults!L50 -> 44.25 | I28: =TorneosResults!K50 -> 88.5 | J28: =TorneosResults!L50 -> 44.25 | K28: =TorneosResults!K50 -> 88.5 | L28: =TorneosResults!L50 -> 44.25 | M28: =TorneosResults!L50 -> 44.25 | O28: 0 | P28: =TorneosResults!L50 -> 44.25 | Q28: 0 | R28: 0 | U28: =TorneosResults!L50 -> 44.25 | W28: 0
A29: =TorneosScore!A9 -> CoD9 | B29: =TorneosResults!E51 -> 535.5 | D29: =TorneosResults!H51 -> 306 | E29: =TorneosResults!I51 -> 229.5 | G29: =TorneosResults!J51 -> 153 | H29: =TorneosResults!J51 -> 153 | I29: =TorneosResults!K51 -> 76.5 | J29: =TorneosResults!K51 -> 76.5 | K29: =TorneosResults!J51 -> 153 | O29: =TorneosResults!K51 -> 76.5 | P29: =TorneosResults!L51 -> 38.25 | Q29: =TorneosResults!L51 -> 38.25 | R29: =TorneosResults!L51 -> 38.25 | U29: =TorneosResults!L51 -> 38.25
B31: 565.25 | C31: 607.25 | D31: 442.5 | E31: 322.5 | F31: 376.25 | G31: 214 | H31: 215 | I31: 107 | J31: 214 | K31: 153 | L31: 107.5 | M31: 107 | N31: 107.5 | O31: 107 | P31: 80.75 | Q31: 53.5 | R31: 53.75 | S31: 107.5 | T31: 40.375 | U31: 53.75 | V31: 40.375 | W31: 53.5
B32: 535.5 | C32: 430 | D32: 347 | E32: 267.5 | F32: 205 | G32: 173.5 | H32: 160.5 | I32: 88.5 | J32: 86.75 | K32: 88.5 | L32: 51.25 | M32: 51.25 | N32: 43.375 | O32: 76.5 | P32: 53.5 | Q32: 51.25 | R32: 51.25 | S32: 0 | T32: 0 | U32: 44.25 | V32: 0 | W32: 40.375
B33: 433.75 | C33: 403.75 | D33: 321 | E33: 260.25 | F33: 173.5 | G33: 161.25 | H33: 153 | I33: 86.75 | J33: 76.5 | K33: 40.375 | L33: 44.25 | M33: 44.25 | O33: 40.375 | P33: 51.25 | Q33: 38.25 | R33: 43.375 | U33: 43.375 | V33: 0 | W33: 0
B34: 410 | C34: 374.5 | D34: 306 | E34: 242.25 | F34: 0 | G34: 153 | H34: 86.75 | I34: 80.75 | J34: 44.25 | L34: 43.375 | M34: 40.375 | O34: 0 | P34: 44.25 | Q34: 26.875 | R34: 38.25 | U34: 38.25 | W34: 0
B35: 92.625 | C35: 307.5 | D35: 205 | E35: 229.5 | G35: 80.75 | H35: 80.75 | I35: 76.5 | J35: 40.375 | L35: 40.375 | O35: 0 | P35: 43.375 | Q35: 0 | R35: 0 | U35: 26.75
C36: 88.5 | D36: 161.5 | E36: 177 | G36: 51.25 | H36: 44.25 | I36: 53.75 | L36: 0 | O36: 0 | P36: 38.25 | Q36: 0 | U36: 0
C37: 0 | D37: 92.625 | E37: 102.5 | G37: 44.25 | H37: 0 | I37: 51.25 | U37: 0
E38: 92.625 | G38: 0 | H38: 0 | I38: 0 | U38: 0
A40: Total 3 mejores | B40: =B31+B32+B33 -> 1534.5 | C40: =C31+C32+C33 -> 1441 | D40: =D31+D32+D33 -> 1110.5 | E40: =E31+E32+E33 -> 850.25 | F40: =F31+F32+F33 -> 754.75 | G40: =G31+G32+G33 -> 548.75 | H40: =H31+H32+H33 -> 528.5 | I40: =I31+I32+I33 -> 282.25 | ... W40: =W31+W32+W33 -> 93.875

Sheet PuntosBraacket
A1: Saihara | B1: 6058
A2: El Juancho | B2: 5671
A3: Tormen | B3: 5223
A4: chatu | B4: 4888
A5: AND | B5: 4663
A6: Dalvila | B6: 3826
A7: Narvex | B7: 3607
A8: Diexter | B8: 3372
A9: Mask | B9: 3324
A10: DrWilty | B10: 2900
A11: Saviir | B11: 2607
A12: Rin | B12: 2334
... A22: Hanival15 | B22: 1193
